更新日時,20190712024839
名詞,count
初回,5
ライダー,5
写真,4
こんばんは,4
チーム,4
若葉,3
ドライバー,3
お迎え,3
場所,3
遠山,2
窓,2
複数,2
白砂,2
先,2
疲れ,2
場代,2
口座,2
料金,2
アンケート,2
最後,2
done,2
パートナー,2
人数,2
いただき,1
カー,1
現金,1
代金,1
メンション,1
顔写真,1
めんし,1
ょんいれますね,1
謝礼,1
只今,1
書類,1
一式,1
欄,1
端末,1
ブルー,1
crew,1
皆様,1
待ちあわせ,1
人,1
使い方,1
ポイント,1
おはよう,1
龍,1
ほん,1
事前,1
空き,1
用件,1
一人,1
待ち合わせ,1
メッセージ,1
こんばんわ,1
サポートチ,1
C,1
挙動,1
相手,1
別,1
マッ,1
支店,1
チャット,1
画面,1
ハイリカタ,1
トラブル,1
至急,1
レシート,1
状態,1
緑,1
エリア,1
じょうし,1
ゃできませんとか,1
赤松,1
傘,1
数,1
どこか,1
rows,1
x,1
columns,1
