更新日時,20190712194408
名詞,count
疲れ,6
ライダー,5
チーム,5
こんばんは,3
空き,3
ガソリン,2
最後,2
アンケート,2
プロフィール,2
地図,1
メニュー,1
あと,1
調子,1
クレジットカード,1
情報,1
カード,1
期限,1
番号,1
メッセージ,1
モード,1
ドライバー,1
グレード,1
平,1
業務,1
😂,1
メンテナンス,1
💂,1
各種,1
書類,1
辰,1
ラスト,1
件,1
別,1
トイレ,1
若葉,1
マップ,1
でし,1
ライド,1
窓,1
品,1
ケース,1
先生,1
会い,1
す,1
赤松,1
お手数,1
コンプライアンスチ,1
受け取り,1
金額,1
文,1
未決済,1
枠,1
いただき,1
リクエスト,1
パン,1
先,1
傘,1
下記,1
日程,1
月,1
サポートチ,1
レシート,1
写し,1
数,1
どこか,1
い方,1
いおう,1
さんこん,1
CRE,1
只今,1
佐,1
クルー,1
rows,1
x,1
columns,1
